GRID_NO,LATITUDE,LONGITUDE,ALTITUDE,DAY,TEMPERATURE_MAX,TEMPERATURE_MIN,TEMPERATURE_AVG,WINDSPEED,VAPOR_PRESSURE,PRECIPITATION,ET0,RADIATION,DATE
101094,50.69632,4.56668,130,20160101,7.5,4.0,5.7,3.5,8.2,2.4,0.32,2508,2016-01-01
101094,50.69632,4.56668,130,20160102,10.7,4.9,7.8,5.5,9.13,6.4,0.64,2768,2016-01-02
101094,50.69632,4.56668,130,20160103,7.1,6.1,6.6,6.6,8.47,9.6,0.63,1952,2016-01-03
101094,50.69632,4.56668,130,20160104,7.7,3.7,5.7,5.0,8.7,0.7,0.3,1647,2016-01-04
101094,50.69632,4.56668,130,20160105,7.4,5.2,6.3,4.4,8.6,0.5,0.48,1348,2016-01-05
101094,50.69632,4.56668,130,20160106,8.8,5.4,7.1,3.3,8.8,0.3,0.46,2254,2016-01-06
101094,50.69632,4.56668,130,20160107,8.4,5.4,6.9,6.5,8.2,9.1,0.92,1128,2016-01-07
101094,50.69632,4.56668,130,20160108,7.8,2.5,5.1,3.9,6.97,0.2,0.56,3943,2016-01-08
101094,50.69632,4.56668,130,20160109,7.4,4.0,5.7,5.2,8.47,3.4,0.37,2267,2016-01-09
101094,50.69632,4.56668,130,20160110,8.2,5.9,7.1,5.8,8.17,0.2,0.81,2934,2016-01-10
101094,50.69632,4.56668,130,20160111,7.3,3.1,5.2,5.2,8.2,4.6,0.4,1896,2016-01-11
101094,50.69632,4.56668,130,20160112,7.4,4.4,5.9,6.4,7.77,3.5,0.7,2679,2016-01-12
101094,50.69632,4.56668,130,20160113,6.0,4.5,5.3,5.9,7.23,0.8,0.76,2472,2016-01-13
101094,50.69632,4.56668,130,20160114,4.2,2.2,3.2,6.9,6.73,16.8,0.54,2169,2016-01-14
101094,50.69632,4.56668,130,20160115,2.2,0.1,1.2,5.3,6.43,16.5,0.25,1077,2016-01-15
101094,50.69632,4.56668,130,20160116,4.7,0.4,2.5,3.5,6.07,2.0,0.43,3979,2016-01-16
101094,50.69632,4.56668,130,20160117,2.1,-2.2,0.0,2.1,4.73,0.9,0.25,5057,2016-01-17
101094,50.69632,4.56668,130,20160118,-2.3,-8.1,-5.2,2.4,3.3,4.6,0.27,4229,2016-01-18
101094,50.69632,4.56668,130,20160119,-0.7,-7.7,-4.2,1.3,3.37,4.4,0.17,5194,2016-01-19
101094,50.69632,4.56668,130,20160120,0.4,-6.0,-2.8,2.8,4.73,1.0,0.23,2346,2016-01-20
101094,50.69632,4.56668,130,20160121,4.6,-3.0,0.8,2.3,4.93,5.7,0.34,5330,2016-01-21
101094,50.69632,4.56668,130,20160122,4.0,-2.3,0.9,5.0,5.83,4.9,0.4,3744,2016-01-22
101094,50.69632,4.56668,130,20160123,7.5,2.4,5.0,3.8,8.67,1.0,0.21,2225,2016-01-23
101094,50.69632,4.56668,130,20160124,8.2,4.0,6.1,4.7,9.4,0.3,0.22,1722,2016-01-24
101094,50.69632,4.56668,130,20160125,14.7,7.1,10.9,4.7,9.3,0.1,1.28,5910,2016-01-25
101094,50.69632,4.56668,130,20160126,10.7,9.0,9.9,6.5,10.17,0.3,0.96,2619,2016-01-26
101094,50.69632,4.56668,130,20160127,10.8,8.8,9.8,8.4,10.63,8.8,0.89,1353,2016-01-27
101094,50.69632,4.56668,130,20160128,7.7,5.8,6.8,3.8,7.93,0.0,0.66,4821,2016-01-28
101094,50.69632,4.56668,130,20160129,8.7,2.7,5.7,8.2,8.27,2.6,0.66,2498,2016-01-29
101094,50.69632,4.56668,130,20160130,8.1,7.7,7.9,7.9,8.7,14.6,1.09,1484,2016-01-30
101094,50.69632,4.56668,130,20160131,10.2,2.9,6.6,5.8,9.57,2.9,0.35,2103,2016-01-31
101094,50.69632,4.56668,130,20160201,11.1,10.0,10.6,8.6,11.3,1.9,0.86,1356,2016-02-01
101094,50.69632,4.56668,130,20160202,8.9,8.8,8.9,6.2,9.8,11.4,0.85,1390,2016-02-02
101094,50.69632,4.56668,130,20160203,6.3,4.1,5.2,4.4,7.13,0.6,0.72,4815,2016-02-03
101094,50.69632,4.56668,130,20160204,9.0,2.0,5.5,4.4,8.13,5.3,0.58,2235,2016-02-04
101094,50.69632,4.56668,130,20160205,9.5,5.1,7.3,4.8,10.27,0.4,0.29,1650,2016-02-05
101094,50.69632,4.56668,130,20160206,10.5,7.8,9.2,7.0,9.1,0.8,1.29,3135,2016-02-06
101094,50.69632,4.56668,130,20160207,8.8,7.4,8.1,8.1,7.97,4.5,1.5,4134,2016-02-07
101094,50.69632,4.56668,130,20160208,9.0,6.3,7.6,10.9,8.17,2.9,1.39,4243,2016-02-08
101094,50.69632,4.56668,130,20160209,8.1,5.6,6.8,6.8,7.57,10.4,1.31,1361,2016-02-09
101094,50.69632,4.56668,130,20160210,5.7,2.1,3.9,5.6,7.33,3.1,0.52,2948,2016-02-10
101094,50.69632,4.56668,130,20160211,5.6,2.0,3.8,3.3,7.33,2.5,0.45,3965,2016-02-11
101094,50.69632,4.56668,130,20160212,5.7,1.5,3.6,3.8,6.2,0.0,0.79,6738,2016-02-12
101094,50.69632,4.56668,130,20160213,3.1,-1.3,0.9,2.9,6.33,5.1,0.29,2750,2016-02-13
101094,50.69632,4.56668,130,20160214,3.0,1.6,2.3,3.2,6.67,3.8,0.41,2315,2016-02-14
101094,50.69632,4.56668,130,20160215,5.1,0.4,2.7,5.2,5.63,0.2,0.96,7624,2016-02-15
101094,50.69632,4.56668,130,20160216,3.8,-2.6,0.6,2.0,4.9,0.0,0.6,9594,2016-02-16
101094,50.69632,4.56668,130,20160217,4.1,-4.2,-0.1,1.8,5.0,0.0,0.56,9133,2016-02-17
101094,50.69632,4.56668,130,20160218,3.9,-0.9,1.5,3.6,5.3,1.9,0.78,4961,2016-02-18
101094,50.69632,4.56668,130,20160219,7.4,0.1,3.7,4.0,6.37,2.7,0.9,8768,2016-02-19
101094,50.69632,4.56668,130,20160220,9.8,3.7,6.7,8.1,9.87,12.0,0.3,3182,2016-02-20
101094,50.69632,4.56668,130,20160221,11.7,9.3,10.5,9.1,11.47,2.4,0.84,1938,2016-02-21
101094,50.69632,4.56668,130,20160222,9.6,9.1,9.4,6.4,9.43,16.3,1.22,1430,2016-02-22
101094,50.69632,4.56668,130,20160223,7.1,2.3,4.7,2.9,7.1,1.7,0.74,4850,2016-02-23
101094,50.69632,4.56668,130,20160224,6.7,-1.1,2.8,1.8,5.8,0.1,0.73,8306,2016-02-24
101094,50.69632,4.56668,130,20160225,5.4,-1.4,2.0,2.1,5.87,0.6,0.68,7460,2016-02-25
101094,50.69632,4.56668,130,20160226,3.7,0.5,2.1,1.6,6.0,0.0,0.59,4531,2016-02-26
101094,50.69632,4.56668,130,20160227,6.1,0.1,3.1,4.2,4.9,0.0,1.34,6680,2016-02-27
101094,50.69632,4.56668,130,20160228,5.3,-1.2,2.0,6.3,4.7,0.0,1.43,10289,2016-02-28
101094,50.69632,4.56668,130,20160229,5.9,-1.2,2.4,4.8,4.8,0.0,1.38,11897,2016-02-29
101094,50.69632,4.56668,130,20160301,4.7,-3.2,0.7,5.2,6.53,4.3,0.32,4523,2016-03-01
101094,50.69632,4.56668,130,20160302,8.7,4.3,6.5,7.0,7.47,9.5,1.38,8074,2016-03-02
101094,50.69632,4.56668,130,20160303,7.3,0.6,3.9,3.8,6.73,2.9,0.91,6578,2016-03-03
101094,50.69632,4.56668,130,20160304,5.7,1.4,3.6,4.1,6.77,7.3,0.74,4477,2016-03-04
101094,50.69632,4.56668,130,20160305,5.5,-0.8,2.4,2.0,6.23,2.0,0.66,4331,2016-03-05
101094,50.69632,4.56668,130,20160306,5.3,1.3,3.3,3.8,6.87,5.6,0.68,5306,2016-03-06
101094,50.69632,4.56668,130,20160307,5.0,0.0,2.5,1.4,6.13,1.4,0.7,5958,2016-03-07
101094,50.69632,4.56668,130,20160308,6.5,-1.7,2.4,3.0,6.3,0.4,0.79,7445,2016-03-08
101094,50.69632,4.56668,130,20160309,8.2,2.1,5.2,6.0,5.6,0.1,1.85,9538,2016-03-09
101094,50.69632,4.56668,130,20160310,9.6,-0.5,4.6,2.2,5.97,0.0,1.39,13633,2016-03-10
101094,50.69632,4.56668,130,20160311,9.5,-0.8,4.3,2.9,6.47,0.0,1.3,12183,2016-03-11
101094,50.69632,4.56668,130,20160312,8.9,-1.1,3.9,2.4,6.33,0.0,1.2,12114,2016-03-12
101094,50.69632,4.56668,130,20160313,9.4,-1.6,3.9,4.5,6.1,0.0,1.55,14227,2016-03-13
101094,50.69632,4.56668,130,20160314,7.6,-1.2,3.2,4.5,5.5,0.0,1.52,13313,2016-03-14
101094,50.69632,4.56668,130,20160315,9.9,-0.9,4.5,3.8,6.63,0.0,1.38,12073,2016-03-15
101094,50.69632,4.56668,130,20160316,8.3,1.2,4.7,5.1,5.97,0.0,1.67,11884,2016-03-16
101094,50.69632,4.56668,130,20160317,10.0,-0.7,4.6,3.3,5.77,0.0,1.78,15830,2016-03-17
101094,50.69632,4.56668,130,20160318,6.9,-0.5,3.2,2.5,6.97,0.0,0.79,6639,2016-03-18
101094,50.69632,4.56668,130,20160319,6.0,3.8,4.9,2.7,7.13,0.0,0.83,3163,2016-03-19
101094,50.69632,4.56668,130,20160320,8.5,3.9,6.2,2.9,7.37,0.2,1.1,5330,2016-03-20
101094,50.69632,4.56668,130,20160321,9.0,3.8,6.4,2.8,7.83,0.4,1.09,6483,2016-03-21
101094,50.69632,4.56668,130,20160322,11.6,1.7,6.7,3.0,7.87,0.1,1.42,11219,2016-03-22
101094,50.69632,4.56668,130,20160323,9.5,4.4,7.0,3.2,8.6,0.7,1.01,6275,2016-03-23
101094,50.69632,4.56668,130,20160324,9.4,5.3,7.3,3.4,8.07,2.4,1.21,5700,2016-03-24
101094,50.69632,4.56668,130,20160325,10.0,5.7,7.9,4.0,8.4,4.8,1.36,7182,2016-03-25
101094,50.69632,4.56668,130,20160326,14.8,1.6,8.2,6.3,8.47,7.1,2.13,14233,2016-03-26
101094,50.69632,4.56668,130,20160327,13.0,6.1,9.5,7.7,8.6,1.7,2.25,11966,2016-03-27
101094,50.69632,4.56668,130,20160328,11.8,7.2,9.5,8.6,8.23,6.8,2.32,9824,2016-03-28
101094,50.69632,4.56668,130,20160329,11.6,5.2,8.4,6.9,7.97,1.6,2.1,11282,2016-03-29
101094,50.69632,4.56668,130,20160330,11.2,7.5,9.3,4.1,8.53,2.3,1.76,9124,2016-03-30
101094,50.69632,4.56668,130,20160331,7.6,5.5,6.5,3.1,8.5,2.4,0.91,5189,2016-03-31
101094,50.69632,4.56668,130,20160401,11.1,2.1,6.6,2.6,7.7,0.0,1.57,12584,2016-04-01
101094,50.69632,4.56668,130,20160402,12.6,6.6,9.6,2.7,9.63,0.1,1.44,8429,2016-04-02
101094,50.69632,4.56668,130,20160403,19.6,11.5,15.5,4.7,12.57,0.3,2.96,15974,2016-04-03
101094,50.69632,4.56668,130,20160404,15.5,11.5,13.5,3.4,10.7,2.3,2.33,11871,2016-04-04
101094,50.69632,4.56668,130,20160405,13.7,9.1,11.4,3.0,10.17,0.0,1.77,9381,2016-04-05
101094,50.69632,4.56668,130,20160406,12.1,6.4,9.2,6.3,8.77,1.4,1.93,9917,2016-04-06
101094,50.69632,4.56668,130,20160407,11.5,4.2,7.8,5.4,7.47,1.8,2.26,15672,2016-04-07
101094,50.69632,4.56668,130,20160408,12.0,5.2,8.6,2.3,8.13,0.1,1.88,13268,2016-04-08
101094,50.69632,4.56668,130,20160409,14.9,2.8,8.9,3.8,7.6,1.3,2.66,18602,2016-04-09
101094,50.69632,4.56668,130,20160410,15.3,4.0,9.6,3.0,8.87,0.0,2.42,18172,2016-04-10
101094,50.69632,4.56668,130,20160411,18.8,7.3,13.1,4.7,8.83,0.0,3.48,16213,2016-04-11
101094,50.69632,4.56668,130,20160412,16.3,7.7,12.0,3.0,9.1,1.0,2.52,13721,2016-04-12
101094,50.69632,4.56668,130,20160413,12.5,5.1,8.8,1.6,9.03,1.1,1.39,8472,2016-04-13
101094,50.69632,4.56668,130,20160414,16.6,3.5,10.0,2.0,9.43,7.7,2.22,16050,2016-04-14
101094,50.69632,4.56668,130,20160415,14.8,8.8,11.8,5.6,10.57,3.7,2.46,13788,2016-04-15
101094,50.69632,4.56668,130,20160416,12.1,8.5,10.3,4.4,8.69,1.8,2.22,9892,2016-04-16
101094,50.69632,4.56668,130,20160417,10.3,1.8,6.0,3.0,7.17,1.5,1.96,15608,2016-04-17
101094,50.69632,4.56668,130,20160418,12.1,0.5,6.3,3.1,6.83,0.0,2.28,18259,2016-04-18
101094,50.69632,4.56668,130,20160419,13.7,6.0,9.8,3.1,7.87,0.0,2.44,14596,2016-04-19
101094,50.69632,4.56668,130,20160420,14.8,2.0,8.4,4.0,6.8,0.0,3.26,23643,2016-04-20
101094,50.69632,4.56668,130,20160421,19.6,3.4,11.5,3.5,7.67,0.0,3.7,20446,2016-04-21
101094,50.69632,4.56668,130,20160422,13.4,7.5,10.5,4.2,8.13,1.3,2.49,11795,2016-04-22
101094,50.69632,4.56668,130,20160423,9.9,4.7,7.3,4.1,6.93,0.1,2.13,13222,2016-04-23
101094,50.69632,4.56668,130,20160424,7.6,1.2,4.4,3.5,6.53,3.6,1.61,13677,2016-04-24
101094,50.69632,4.56668,130,20160425,8.1,0.8,4.5,3.7,7.47,10.8,1.08,7767,2016-04-25
101094,50.69632,4.56668,130,20160426,6.6,0.6,3.6,4.9,6.7,5.8,1.24,10241,2016-04-26
101094,50.69632,4.56668,130,20160427,8.2,1.6,4.9,4.8,6.73,4.2,1.62,11347,2016-04-27
101094,50.69632,4.56668,130,20160428,9.6,-0.1,4.7,3.1,6.5,1.2,2.0,17226,2016-04-28
101094,50.69632,4.56668,130,20160429,8.9,3.8,6.4,4.2,8.0,6.2,1.36,8644,2016-04-29
101094,50.69632,4.56668,130,20160430,9.9,4.9,7.4,2.2,8.1,1.1,1.54,9417,2016-04-30
101094,50.69632,4.56668,130,20160501,13.5,3.0,8.2,4.1,7.2,0.0,3.03,22600,2016-05-01
101094,50.69632,4.56668,130,20160502,17.1,3.6,10.4,2.8,8.77,2.4,3.05,21131,2016-05-02
101094,50.69632,4.56668,130,20160503,13.9,7.7,10.8,3.4,8.47,0.0,3.1,20724,2016-05-03
101094,50.69632,4.56668,130,20160504,15.3,3.6,9.4,2.3,7.03,0.0,3.32,24478,2016-05-04
101094,50.69632,4.56668,130,20160505,19.0,5.0,12.0,3.3,7.4,0.0,4.15,24951,2016-05-05
101094,50.69632,4.56668,130,20160506,23.9,8.9,16.4,3.1,9.67,0.0,4.82,24814,2016-05-06
101094,50.69632,4.56668,130,20160507,25.6,12.5,19.1,2.7,10.17,0.0,4.82,21876,2016-05-07
101094,50.69632,4.56668,130,20160508,25.7,12.8,19.2,3.5,10.4,0.0,5.35,24073,2016-05-08
101094,50.69632,4.56668,130,20160509,24.6,12.5,18.6,3.1,11.93,0.7,4.45,19852,2016-05-09
101094,50.69632,4.56668,130,20160510,20.5,14.5,17.5,2.5,16.2,5.0,2.36,11789,2016-05-10
101094,50.69632,4.56668,130,20160511,23.2,13.1,18.2,2.8,15.0,0.6,3.72,19966,2016-05-11
101094,50.69632,4.56668,130,20160512,21.3,12.1,16.7,2.1,13.97,0.4,3.14,17377,2016-05-12
101094,50.69632,4.56668,130,20160513,22.3,11.5,16.9,4.3,12.6,0.3,4.4,23028,2016-05-13
101094,50.69632,4.56668,130,20160514,12.4,7.7,10.1,5.0,7.6,0.1,2.99,15638,2016-05-14
101094,50.69632,4.56668,130,20160515,12.4,3.5,7.9,2.9,7.97,0.2,2.09,13165,2016-05-15
101094,50.69632,4.56668,130,20160516,14.1,6.7,10.4,1.9,7.9,0.0,2.58,15386,2016-05-16
101094,50.69632,4.56668,130,20160517,16.8,6.9,11.8,3.0,9.87,0.0,2.89,16823,2016-05-17
101094,50.69632,4.56668,130,20160518,18.2,9.2,13.7,3.6,11.1,1.1,2.82,13766,2016-05-18
101094,50.69632,4.56668,130,20160519,18.2,7.2,12.7,2.6,10.03,0.2,3.35,20924,2016-05-19
101094,50.69632,4.56668,130,20160520,17.0,9.6,13.3,4.5,13.07,0.7,2.05,11311,2016-05-20
101094,50.69632,4.56668,130,20160521,22.9,13.0,17.9,4.8,14.4,0.6,4.15,20174,2016-05-21
101094,50.69632,4.56668,130,20160522,16.9,15.2,16.1,3.5,15.13,14.5,1.78,6939,2016-05-22
101094,50.69632,4.56668,130,20160523,13.5,9.8,11.6,4.6,11.9,3.3,1.63,9368,2016-05-23
101094,50.69632,4.56668,130,20160524,14.8,9.3,12.0,3.6,10.23,0.0,2.55,14320,2016-05-24
101094,50.69632,4.56668,130,20160525,16.9,5.9,11.4,1.3,10.27,0.2,2.59,17265,2016-05-25
101094,50.69632,4.56668,130,20160526,21.3,8.1,14.7,2.0,12.17,0.1,3.72,23270,2016-05-26
101094,50.69632,4.56668,130,20160527,22.5,13.0,17.8,2.1,15.17,12.8,3.37,17724,2016-05-27
101094,50.69632,4.56668,130,20160528,22.4,11.3,16.8,1.9,15.47,0.6,3.51,20955,2016-05-28
101094,50.69632,4.56668,130,20160529,17.8,13.5,15.6,3.4,16.63,5.7,1.67,9808,2016-05-29
101094,50.69632,4.56668,130,20160530,14.2,14.1,14.2,4.7,15.2,33.4,0.86,3088,2016-05-30
101094,50.69632,4.56668,130,20160531,17.6,13.3,15.4,2.2,15.8,0.3,1.42,6557,2016-05-31
101094,50.69632,4.56668,130,20160601,15.1,13.5,14.3,2.9,15.93,14.6,0.98,5221,2016-06-01
101094,50.69632,4.56668,130,20160602,16.2,13.4,14.8,4.6,15.43,5.8,1.21,5297,2016-06-02
101094,50.69632,4.56668,130,20160603,17.6,11.5,14.5,2.8,15.4,2.3,1.5,8150,2016-06-03
101094,50.69632,4.56668,130,20160604,17.1,11.6,14.3,2.5,15.7,2.5,1.28,6900,2016-06-04
101094,50.69632,4.56668,130,20160605,24.5,13.7,19.1,2.1,17.3,1.6,3.61,19050,2016-06-05
101094,50.69632,4.56668,130,20160606,25.6,13.3,19.4,2.4,18.77,2.9,4.09,22958,2016-06-06
101094,50.69632,4.56668,130,20160607,26.2,16.3,21.2,1.9,18.63,10.2,3.89,19180,2016-06-07
101094,50.69632,4.56668,130,20160608,22.3,15.0,18.7,2.6,16.0,0.0,3.67,19155,2016-06-08
101094,50.69632,4.56668,130,20160609,20.3,11.7,16.0,3.0,12.4,0.0,4.35,26199,2016-06-09
101094,50.69632,4.56668,130,20160610,21.6,9.3,15.5,1.5,12.17,0.0,4.0,24915,2016-06-10
101094,50.69632,4.56668,130,20160611,21.4,13.8,17.6,1.9,15.0,7.1,3.23,17217,2016-06-11
101094,50.69632,4.56668,130,20160612,21.0,13.9,17.5,2.7,16.27,8.8,3.03,16843,2016-06-12
101094,50.69632,4.56668,130,20160613,18.7,13.8,16.3,4.1,15.33,6.9,2.44,12938,2016-06-13
101094,50.69632,4.56668,130,20160614,18.3,12.8,15.6,4.0,14.0,3.8,2.85,15323,2016-06-14
101094,50.69632,4.56668,130,20160615,16.7,12.0,14.3,2.6,13.43,6.9,2.51,14706,2016-06-15
101094,50.69632,4.56668,130,20160616,17.0,9.4,13.2,1.8,13.47,7.2,2.06,12694,2016-06-16
101094,50.69632,4.56668,130,20160617,18.7,11.1,14.9,3.0,14.27,6.2,2.76,16731,2016-06-17
101094,50.69632,4.56668,130,20160618,16.7,12.0,14.3,3.5,14.1,6.4,2.27,13501,2016-06-18
101094,50.69632,4.56668,130,20160619,17.9,10.3,14.1,2.6,12.3,0.3,3.16,18919,2016-06-19
101094,50.69632,4.56668,130,20160620,16.7,12.1,14.4,5.1,14.6,9.0,2.15,13743,2016-06-20
101094,50.69632,4.56668,130,20160621,19.9,14.1,17.0,3.6,17.4,3.9,2.19,12159,2016-06-21
101094,50.69632,4.56668,130,20160622,25.1,14.6,19.8,2.2,19.4,0.0,3.45,18209,2016-06-22
101094,50.69632,4.56668,130,20160623,29.9,18.4,24.1,2.4,22.3,17.7,4.81,22377,2016-06-23
101094,50.69632,4.56668,130,20160624,22.7,17.4,20.1,2.5,17.13,0.0,3.5,16507,2016-06-24
101094,50.69632,4.56668,130,20160625,18.8,13.6,16.2,1.7,14.0,2.0,2.74,14691,2016-06-25
101094,50.69632,4.56668,130,20160626,17.6,10.8,14.2,3.9,13.3,7.0,2.9,18220,2016-06-26
101094,50.69632,4.56668,130,20160627,19.5,10.7,15.1,3.9,15.2,1.3,2.81,18420,2016-06-27
101094,50.69632,4.56668,130,20160628,20.5,13.0,16.7,2.3,14.3,3.8,2.99,15311,2016-06-28
101094,50.69632,4.56668,130,20160629,19.8,12.5,16.1,4.8,13.1,0.2,3.73,19156,2016-06-29
101094,50.69632,4.56668,130,20160630,19.7,13.9,16.8,4.8,16.0,3.5,2.61,13502,2016-06-30
101094,50.69632,4.56668,130,20160701,20.2,15.3,17.7,5.0,16.3,2.3,3.11,15985,2016-07-01
101094,50.69632,4.56668,130,20160702,17.9,12.0,14.9,4.9,11.8,2.5,3.73,20332,2016-07-02
101094,50.69632,4.56668,130,20160703,18.4,10.4,14.4,3.0,12.5,1.2,2.79,14950,2016-07-03
101094,50.69632,4.56668,130,20160704,22.1,12.3,17.2,1.7,14.9,0.7,3.28,18014,2016-07-04
101094,50.69632,4.56668,130,20160705,19.8,14.3,17.0,3.8,14.4,0.1,3.02,13730,2016-07-05
101094,50.69632,4.56668,130,20160706,20.1,11.6,15.8,2.2,12.9,0.0,3.4,19045,2016-07-06
101094,50.69632,4.56668,130,20160707,23.5,11.3,17.4,1.5,14.2,0.0,3.75,21063,2016-07-07
101094,50.69632,4.56668,130,20160708,23.1,14.7,18.9,4.0,15.2,0.1,3.72,15606,2016-07-08
101094,50.69632,4.56668,130,20160709,24.8,15.3,20.1,3.2,15.96,0.0,4.46,21290,2016-07-09
101094,50.69632,4.56668,130,20160710,28.1,16.8,22.4,3.9,16.06,0.0,5.39,21121,2016-07-10
101094,50.69632,4.56668,130,20160711,21.8,15.5,18.6,5.0,13.9,0.1,4.11,16316,2016-07-11
101094,50.69632,4.56668,130,20160712,20.9,12.3,16.6,3.0,13.2,4.5,3.67,19445,2016-07-12
101094,50.69632,4.56668,130,20160713,17.5,11.1,14.3,2.9,12.5,5.0,2.72,15065,2016-07-13
101094,50.69632,4.56668,130,20160714,18.5,11.1,14.8,3.1,12.0,3.1,3.25,17949,2016-07-14
101094,50.69632,4.56668,130,20160715,22.4,9.5,15.9,2.4,12.0,0.0,3.99,22147,2016-07-15
101094,50.69632,4.56668,130,20160716,24.1,13.8,18.9,2.9,16.2,0.0,3.34,15136,2016-07-16
101094,50.69632,4.56668,130,20160717,23.9,15.6,19.7,2.4,18.1,0.0,3.33,16906,2016-07-17
101094,50.69632,4.56668,130,20160718,27.5,16.8,22.1,1.4,17.5,0.0,4.71,24778,2016-07-18
101094,50.69632,4.56668,130,20160719,30.7,17.1,23.9,1.4,17.6,0.0,5.28,26507,2016-07-19
101094,50.69632,4.56668,130,20160720,32.5,19.3,25.9,3.1,18.1,0.1,6.22,24579,2016-07-20
101094,50.69632,4.56668,130,20160721,26.3,17.2,21.7,2.7,17.63,0.2,4.52,21865,2016-07-21
101094,50.69632,4.56668,130,20160722,25.2,16.6,20.9,2.4,18.87,17.3,3.47,16695,2016-07-22
101094,50.69632,4.56668,130,20160723,23.0,16.9,20.0,2.8,20.13,3.4,2.33,11137,2016-07-23
101094,50.69632,4.56668,130,20160724,25.2,15.4,20.3,2.1,17.1,0.0,4.19,22478,2016-07-24
101094,50.69632,4.56668,130,20160725,23.9,16.2,20.1,2.5,17.53,0.0,3.13,14298,2016-07-25
101094,50.69632,4.56668,130,20160726,22.3,14.4,18.3,1.9,14.9,0.0,3.38,17859,2016-07-26
101094,50.69632,4.56668,130,20160727,21.2,12.8,17.0,3.3,15.47,3.5,2.85,14808,2016-07-27
101094,50.69632,4.56668,130,20160728,22.6,16.0,19.3,3.3,16.57,3.5,3.52,17230,2016-07-28
101094,50.69632,4.56668,130,20160729,22.3,14.7,18.5,3.6,16.67,0.2,3.15,15745,2016-07-29
101094,50.69632,4.56668,130,20160730,21.5,13.7,17.6,2.9,15.43,0.0,2.9,14300,2016-07-30
101094,50.69632,4.56668,130,20160731,21.0,14.6,17.8,2.5,14.13,0.5,3.26,16063,2016-07-31
101094,50.69632,4.56668,130,20160801,20.7,11.2,16.0,2.5,13.33,5.9,3.01,16116,2016-08-01
101094,50.69632,4.56668,130,20160802,17.3,12.9,15.1,5.1,17.07,13.8,0.97,6385,2016-08-02
101094,50.69632,4.56668,130,20160803,18.8,16.6,17.7,5.1,18.9,15.5,1.19,4521,2016-08-03
101094,50.69632,4.56668,130,20160804,19.7,14.2,17.0,4.3,14.97,0.0,2.78,13047,2016-08-04
101094,50.69632,4.56668,130,20160805,20.6,12.3,16.4,3.8,15.13,1.8,2.65,13730,2016-08-05
101094,50.69632,4.56668,130,20160806,21.7,11.8,16.7,3.9,14.53,0.0,3.37,18490,2016-08-06
101094,50.69632,4.56668,130,20160807,23.8,11.9,17.9,4.4,16.4,0.0,3.2,15262,2016-08-07
101094,50.69632,4.56668,130,20160808,21.2,13.5,17.4,3.9,13.87,0.4,3.31,14882,2016-08-08
101094,50.69632,4.56668,130,20160809,19.2,11.0,15.1,2.6,11.3,0.1,3.31,18483,2016-08-09
101094,50.69632,4.56668,130,20160810,16.2,9.9,13.0,2.3,11.07,1.9,2.24,12985,2016-08-10
101094,50.69632,4.56668,130,20160811,14.8,7.4,11.1,3.9,13.07,3.4,1.12,8574,2016-08-11
101094,50.69632,4.56668,130,20160812,23.1,13.9,18.5,3.7,16.67,0.0,2.97,14475,2016-08-12
101094,50.69632,4.56668,130,20160813,23.8,12.6,18.2,3.1,15.33,0.0,3.8,21009,2016-08-13
101094,50.69632,4.56668,130,20160814,22.9,12.3,17.6,2.1,15.37,0.0,3.11,17567,2016-08-14
101094,50.69632,4.56668,130,20160815,21.7,11.9,16.8,3.1,13.5,0.0,3.63,20424,2016-08-15
101094,50.69632,4.56668,130,20160816,23.5,11.1,17.3,3.2,13.73,0.0,3.95,21893,2016-08-16
101094,50.69632,4.56668,130,20160817,25.8,11.3,18.5,2.6,13.47,0.0,4.24,22421,2016-08-17
101094,50.69632,4.56668,130,20160818,24.7,13.6,19.2,1.8,14.2,0.1,3.46,18200,2016-08-18
101094,50.69632,4.56668,130,20160819,22.0,14.1,18.0,2.9,16.95,0.9,1.97,7800,2016-08-19
101094,50.69632,4.56668,130,20160820,22.3,14.9,18.6,4.6,14.4,3.7,3.88,18350,2016-08-20
101094,50.69632,4.56668,130,20160821,18.5,12.9,15.7,4.8,14.4,7.3,2.23,10400,2016-08-21
101094,50.69632,4.56668,130,20160822,24.5,13.4,19.0,3.2,15.15,0.0,3.59,17700,2016-08-22
101094,50.69632,4.56668,130,20160823,28.6,13.3,20.9,2.3,15.75,0.0,4.28,21650,2016-08-23
101094,50.69632,4.56668,130,20160824,32.4,17.4,24.9,2.6,15.93,0.0,5.21,21714,2016-08-24
101094,50.69632,4.56668,130,20160825,32.5,17.2,24.8,2.6,18.07,0.0,5.08,21453,2016-08-25
101094,50.69632,4.56668,130,20160826,28.9,19.0,24.0,2.1,20.33,0.0,3.92,18870,2016-08-26
101094,50.69632,4.56668,130,20160827,33.1,16.8,25.0,2.8,20.97,0.1,4.81,19355,2016-08-27
101094,50.69632,4.56668,130,20160828,24.4,19.7,22.0,4.0,17.1,0.0,4.06,16324,2016-08-28
101094,50.69632,4.56668,130,20160829,21.4,16.2,18.8,3.0,15.7,0.1,2.54,11153,2016-08-29
101094,50.69632,4.56668,130,20160830,23.2,11.3,17.3,1.2,13.2,0.0,2.89,17569,2016-08-30
101094,50.69632,4.56668,130,20160831,25.3,11.8,18.5,2.0,13.7,0.0,3.56,19216,2016-08-31
101094,50.69632,4.56668,130,20160901,22.6,13.0,17.8,2.3,15.3,0.0,2.58,13350,2016-09-01
101094,50.69632,4.56668,130,20160902,23.4,11.9,17.7,2.7,14.5,0.2,2.8,13115,2016-09-02
101094,50.69632,4.56668,130,20160903,23.4,12.8,18.1,3.0,14.2,1.3,3.2,16028,2016-09-03
101094,50.69632,4.56668,130,20160904,19.9,16.4,18.1,5.0,15.8,6.2,2.57,11114,2016-09-04
101094,50.69632,4.56668,130,20160905,21.8,14.6,18.2,2.4,16.0,0.1,2.34,11984,2016-09-05
101094,50.69632,4.56668,130,20160906,23.6,16.5,20.0,1.3,18.4,0.1,2.34,12942,2016-09-06
101094,50.69632,4.56668,130,20160907,25.6,12.6,19.1,1.7,14.7,0.0,3.12,17920,2016-09-07
101094,50.69632,4.56668,130,20160908,26.9,14.8,20.8,3.2,14.7,0.0,4.03,17420,2016-09-08
101094,50.69632,4.56668,130,20160909,23.1,11.6,17.3,1.7,13.0,0.0,2.91,17328,2016-09-09
101094,50.69632,4.56668,130,20160910,25.4,12.4,18.9,2.8,12.9,0.0,3.69,16902,2016-09-10
101094,50.69632,4.56668,130,20160911,23.0,16.7,19.9,1.8,17.1,0.0,2.06,8516,2016-09-11
101094,50.69632,4.56668,130,20160912,28.8,16.6,22.7,1.8,15.9,0.0,3.44,16788,2016-09-12
101094,50.69632,4.56668,130,20160913,31.5,19.0,25.2,2.1,16.5,0.0,3.96,16529,2016-09-13
101094,50.69632,4.56668,130,20160914,30.3,18.0,24.1,1.5,16.6,0.1,3.38,16707,2016-09-14
101094,50.69632,4.56668,130,20160915,26.1,16.3,21.2,2.4,15.9,1.9,3.15,13651,2016-09-15
101094,50.69632,4.56668,130,20160916,21.3,13.7,17.5,3.6,14.9,2.4,2.46,11435,2016-09-16
101094,50.69632,4.56668,130,20160917,19.7,14.0,16.8,1.8,15.6,0.4,1.54,7634,2016-09-17
101094,50.69632,4.56668,130,20160918,19.6,15.6,17.6,2.7,15.4,0.0,1.82,8178,2016-09-18
101094,50.69632,4.56668,130,20160919,20.4,11.4,15.9,1.9,11.4,0.0,2.31,11913,2016-09-19
101094,50.69632,4.56668,130,20160920,19.9,10.4,15.2,1.3,11.6,0.0,2.08,13487,2016-09-20
101094,50.69632,4.56668,130,20160921,20.9,12.9,16.9,1.1,12.6,0.0,1.77,9690,2016-09-21
101094,50.69632,4.56668,130,20160922,21.8,11.2,16.5,1.8,12.1,0.0,2.25,10859,2016-09-22
101094,50.69632,4.56668,130,20160923,20.5,11.7,16.1,1.9,12.6,0.1,2.1,11906,2016-09-23
101094,50.69632,4.56668,130,20160924,23.5,11.3,17.4,3.1,11.9,0.0,3.0,11994,2016-09-24
101094,50.69632,4.56668,130,20160925,22.8,13.3,18.0,4.5,12.6,1.1,3.33,11007,2016-09-25
101094,50.69632,4.56668,130,20160926,17.0,9.1,13.1,1.6,11.3,0.0,1.56,9405,2016-09-26
101094,50.69632,4.56668,130,20160927,22.2,7.7,14.9,2.6,10.4,0.0,2.69,13728,2016-09-27
101094,50.69632,4.56668,130,20160928,22.3,14.8,18.5,5.1,13.1,0.0,3.33,9778,2016-09-28
101094,50.69632,4.56668,130,20160929,19.8,14.3,17.0,5.7,14.4,1.3,2.36,8081,2016-09-29
101094,50.69632,4.56668,130,20160930,17.6,12.3,15.0,3.3,12.7,0.0,1.84,8745,2016-09-30
101094,50.69632,4.56668,130,20161001,18.0,11.8,14.9,2.9,12.5,6.4,1.86,9507,2016-10-01
101094,50.69632,4.56668,130,20161002,14.5,9.8,12.1,5.1,11.5,2.6,1.69,6671,2016-10-02
101094,50.69632,4.56668,130,20161003,17.2,8.0,12.6,2.7,12.2,1.1,1.46,9400,2016-10-03
101094,50.69632,4.56668,130,20161004,14.9,9.2,12.0,3.2,11.7,0.0,1.25,6808,2016-10-04
101094,50.69632,4.56668,130,20161005,13.6,6.2,9.9,3.9,8.1,0.0,1.87,11326,2016-10-05
101094,50.69632,4.56668,130,20161006,12.6,2.3,7.4,3.1,8.5,0.0,1.2,9105,2016-10-06
101094,50.69632,4.56668,130,20161007,12.5,9.2,10.8,2.7,10.8,0.0,1.0,4457,2016-10-07
101094,50.69632,4.56668,130,20161008,14.4,8.5,11.5,2.1,9.2,0.0,1.4,8137,2016-10-08
101094,50.69632,4.56668,130,20161009,12.8,2.5,7.6,1.4,7.9,0.0,1.05,10487,2016-10-09
101094,50.69632,4.56668,130,20161010,13.0,5.7,9.4,1.3,8.7,2.0,1.01,6146,2016-10-10
101094,50.69632,4.56668,130,20161011,11.5,2.0,6.7,1.0,8.4,0.4,0.8,9339,2016-10-11
101094,50.69632,4.56668,130,20161012,8.5,6.2,7.4,3.0,9.8,1.1,0.5,1932,2016-10-12
101094,50.69632,4.56668,130,20161013,11.8,3.4,7.6,4.4,8.2,0.0,1.22,7936,2016-10-13
101094,50.69632,4.56668,130,20161014,12.0,6.4,9.2,2.4,9.6,12.3,0.89,5386,2016-10-14
101094,50.69632,4.56668,130,20161015,15.0,8.9,11.9,3.7,11.2,0.2,1.27,7553,2016-10-15
101094,50.69632,4.56668,130,20161016,20.3,9.4,14.9,3.6,11.6,0.3,2.12,9136,2016-10-16
101094,50.69632,4.56668,130,20161017,16.2,10.4,13.3,2.8,12.3,0.3,1.27,7515,2016-10-17
101094,50.69632,4.56668,130,20161018,13.1,8.8,10.9,4.3,11.0,5.4,1.06,5721,2016-10-18
101094,50.69632,4.56668,130,20161019,10.5,7.3,8.9,4.3,10.2,14.1,0.74,5338,2016-10-19
101094,50.69632,4.56668,130,20161020,12.7,6.8,9.7,3.0,10.6,0.5,0.82,5424,2016-10-20
101094,50.69632,4.56668,130,20161021,10.6,4.8,7.7,1.8,9.0,0.0,0.71,6465,2016-10-21
101094,50.69632,4.56668,130,20161022,11.0,6.0,8.5,1.8,9.2,0.0,0.69,6084,2016-10-22
101094,50.69632,4.56668,130,20161023,7.7,2.0,4.8,2.0,8.5,0.2,0.36,3599,2016-10-23
101094,50.69632,4.56668,130,20161024,11.1,5.7,8.4,1.8,10.6,0.8,0.47,4092,2016-10-24
101094,50.69632,4.56668,130,20161025,12.0,8.3,10.1,1.3,10.4,0.0,0.66,3889,2016-10-25
101094,50.69632,4.56668,130,20161026,13.7,2.4,8.1,1.4,9.4,0.0,0.63,7492,2016-10-26
101094,50.69632,4.56668,130,20161027,13.0,6.4,9.7,3.1,11.8,0.0,0.46,4491,2016-10-27
101094,50.69632,4.56668,130,20161028,12.5,10.5,11.5,3.0,12.2,0.0,0.63,3103,2016-10-28
101094,50.69632,4.56668,130,20161029,15.7,10.6,13.2,1.6,12.4,0.0,0.71,5734,2016-10-29
101094,50.69632,4.56668,130,20161030,14.8,5.0,9.9,1.4,10.5,0.0,0.56,6228,2016-10-30
101094,50.69632,4.56668,130,20161031,16.4,5.9,11.1,1.3,10.8,0.0,0.6,7361,2016-10-31
101094,50.69632,4.56668,130,20161101,14.7,6.4,10.5,1.9,10.9,0.2,0.67,6698,2016-11-01
101094,50.69632,4.56668,130,20161102,10.2,5.5,7.8,3.4,8.7,1.2,0.71,5477,2016-11-02
101094,50.69632,4.56668,130,20161103,10.6,3.6,7.1,2.3,8.8,0.0,0.56,5121,2016-11-03
101094,50.69632,4.56668,130,20161104,9.0,4.2,6.6,4.0,8.0,1.4,0.76,3677,2016-11-04
101094,50.69632,4.56668,130,20161105,9.4,5.3,7.3,4.3,8.5,0.8,0.73,4277,2016-11-05
101094,50.69632,4.56668,130,20161106,6.6,2.8,4.7,5.2,7.5,1.7,0.53,3869,2016-11-06
101094,50.69632,4.56668,130,20161107,5.3,1.4,3.4,2.8,7.4,3.2,0.24,3374,2016-11-07
101094,50.69632,4.56668,130,20161108,4.9,1.1,3.0,2.5,6.9,0.0,0.34,3119,2016-11-08
101094,50.69632,4.56668,130,20161109,4.5,1.4,2.9,3.3,7.4,13.0,0.22,2204,2016-11-09
101094,50.69632,4.56668,130,20161110,8.1,3.4,5.7,4.3,8.4,3.6,0.4,3487,2016-11-10
101094,50.69632,4.56668,130,20161111,3.8,3.2,3.5,2.4,6.8,0.0,0.43,1784,2016-11-11
101094,50.69632,4.56668,130,20161112,5.0,-1.5,1.7,2.2,6.3,1.9,0.32,3606,2016-11-12
101094,50.69632,4.56668,130,20161113,4.9,3.2,4.0,1.5,7.8,0.7,0.29,1621,2016-11-13
101094,50.69632,4.56668,130,20161114,6.0,-0.2,2.9,3.1,7.4,2.1,0.13,3508,2016-11-14
101094,50.69632,4.56668,130,20161115,10.8,4.7,7.7,4.9,11.0,6.7,0.13,1116,2016-11-15
101094,50.69632,4.56668,130,20161116,12.3,10.7,11.5,6.1,12.8,10.6,0.52,1668,2016-11-16
101094,50.69632,4.56668,130,20161117,10.9,9.2,10.1,8.2,10.7,15.5,0.83,2265,2016-11-17
101094,50.69632,4.56668,130,20161118,8.1,6.6,7.3,7.0,8.3,4.0,0.99,2099,2016-11-18
101094,50.69632,4.56668,130,20161119,6.6,4.2,5.4,6.2,7.2,0.2,0.87,2138,2016-11-19
101094,50.69632,4.56668,130,20161120,12.4,4.7,8.5,7.5,9.3,4.4,0.99,3048,2016-11-20
101094,50.69632,4.56668,130,20161121,13.6,9.4,11.5,5.6,11.5,3.0,0.87,2713,2016-11-21
101094,50.69632,4.56668,130,20161122,12.1,9.7,10.9,5.3,9.9,0.2,1.17,2810,2016-11-22
101094,50.69632,4.56668,130,20161123,11.7,7.5,9.6,2.1,10.7,0.1,0.35,2610,2016-11-23
101094,50.69632,4.56668,130,20161124,10.8,7.8,9.3,5.5,9.7,0.0,0.82,3710,2016-11-24
101094,50.69632,4.56668,130,20161125,7.2,2.8,5.0,4.4,7.3,0.0,0.52,4409,2016-11-25
101094,50.69632,4.56668,130,20161126,6.2,2.8,4.5,1.6,7.57,0.0,0.41,1386,2016-11-26
101094,50.69632,4.56668,130,20161127,7.2,0.6,3.9,2.4,7.7,0.2,0.26,2466,2016-11-27
101094,50.69632,4.56668,130,20161128,3.5,0.5,2.0,4.1,5.8,0.0,0.4,4713,2016-11-28
101094,50.69632,4.56668,130,20161129,2.0,-3.9,-1.0,2.3,4.57,0.0,0.21,4945,2016-11-29
101094,50.69632,4.56668,130,20161130,4.1,-4.4,-0.2,2.7,4.5,0.0,0.36,4886,2016-11-30
101094,50.69632,4.56668,130,20161201,5.3,-0.6,2.3,3.0,6.93,0.0,0.25,1719,2016-12-01
101094,50.69632,4.56668,130,20161202,8.5,4.6,6.6,2.4,9.0,0.5,0.32,1829,2016-12-02
101094,50.69632,4.56668,130,20161203,3.9,1.2,2.6,2.9,6.4,0.0,0.26,3625,2016-12-03
101094,50.69632,4.56668,130,20161204,3.3,-3.0,0.1,2.8,4.9,0.0,0.33,4249,2016-12-04
101094,50.69632,4.56668,130,20161205,6.4,-2.8,1.8,1.5,5.57,0.0,0.13,4443,2016-12-05
101094,50.69632,4.56668,130,20161206,9.5,-0.2,4.7,1.9,6.9,0.0,0.3,3731,2016-12-06
101094,50.69632,4.56668,130,20161207,10.8,4.0,7.4,3.5,6.87,0.0,1.0,3155,2016-12-07
101094,50.69632,4.56668,130,20161208,8.5,4.3,6.4,4.7,7.07,0.1,0.89,3084,2016-12-08
101094,50.69632,4.56668,130,20161209,12.6,6.4,9.5,3.8,9.0,0.0,0.86,2767,2016-12-09
101094,50.69632,4.56668,130,20161210,9.0,5.3,7.1,4.5,9.13,2.0,0.42,2220,2016-12-10
101094,50.69632,4.56668,130,20161211,8.5,6.3,7.4,4.0,9.33,0.0,0.39,1990,2016-12-11
101094,50.69632,4.56668,130,20161212,8.3,5.3,6.8,3.1,8.43,1.0,0.44,2213,2016-12-12
101094,50.69632,4.56668,130,20161213,7.3,4.9,6.1,3.5,8.8,0.2,0.35,1237,2016-12-13
101094,50.69632,4.56668,130,20161214,11.8,4.9,8.4,2.4,8.8,0.1,0.38,3761,2016-12-14
101094,50.69632,4.56668,130,20161215,8.7,3.3,6.0,3.4,8.03,0.1,0.31,3506,2016-12-15
101094,50.69632,4.56668,130,20161216,9.4,5.4,7.4,2.5,8.17,0.0,0.5,2428,2016-12-16
101094,50.69632,4.56668,130,20161217,6.2,2.2,4.2,1.8,7.97,0.1,0.21,1234,2016-12-17
101094,50.69632,4.56668,130,20161218,6.5,5.3,5.9,1.9,9.07,0.3,0.3,674,2016-12-18
101094,50.69632,4.56668,130,20161219,6.9,5.4,6.2,2.3,7.73,0.0,0.35,2796,2016-12-19
101094,50.69632,4.56668,130,20161220,4.3,-1.8,1.2,2.4,5.9,0.0,0.16,3333,2016-12-20
101094,50.69632,4.56668,130,20161221,6.4,0.5,3.4,5.5,6.9,7.0,0.42,2974,2016-12-21
101094,50.69632,4.56668,130,20161222,6.6,4.2,5.4,3.0,8.7,1.2,0.24,1237,2016-12-22
101094,50.69632,4.56668,130,20161223,7.1,3.1,5.1,5.3,8.07,1.2,0.28,3110,2016-12-23
101094,50.69632,4.56668,130,20161224,8.1,4.9,6.5,7.1,8.7,0.3,0.47,2561,2016-12-24
101094,50.69632,4.56668,130,20161225,9.4,7.3,8.3,7.5,10.37,1.3,0.44,695,2016-12-25
101094,50.69632,4.56668,130,20161226,10.3,9.2,9.7,5.3,8.83,3.1,1.16,2282,2016-12-26
101094,50.69632,4.56668,130,20161227,7.0,1.2,4.1,2.6,6.83,0.0,0.27,3465,2016-12-27
101094,50.69632,4.56668,130,20161228,1.7,-0.7,0.5,2.0,6.23,0.0,0.16,1407,2016-12-28
101094,50.69632,4.56668,130,20161229,4.1,-4.0,0.1,1.3,5.5,0.1,0.02,4122,2016-12-29
101094,50.69632,4.56668,130,20161230,4.6,-2.4,1.1,2.0,5.5,0.1,0.16,3929,2016-12-30
101094,50.69632,4.56668,130,20161231,-1.8,-3.4,-2.6,2.9,4.9,0.0,0.11,2427,2016-12-31
