J;DAY;TEMPERATURE_MIN;TEMPERATURE_AVG;TEMPERATURE_MIN;PRECIPITATION;RADIATION;ET0;RADIATION_MJ;ST_grass
1;01/01/2016;4.3;6.1;8.7;0.4;390.2;0.2;3.9;6.1
2;02/01/2016;5.8;7.5;9.5;1.6;203.4;0.4;2.03;13.6
3;03/01/2016;3.5;6.1;8;2.5;215.3;0.4;2.15;19.7
4;04/01/2016;3.3;5.8;7.1;3.7;146.2;0.3;1.46;25.5
5;05/01/2016;5.5;6.2;7.1;0;198.7;0.3;1.99;31.7
6;06/01/2016;4.4;6.1;8;0;191.2;0.2;1.91;37.8
7;07/01/2016;4;5.9;7.3;8;79.6;0.5;0.8;43.7
8;08/01/2016;2.3;4.1;7.4;0;491.8;0.3;4.92;47.8
9;09/01/2016;2.4;4.9;6.7;0;260.6;0.2;2.61;52.7
10;10/01/2016;5.3;6.5;8.2;9.5;323.3;0.3;3.23;59.2
11;11/01/2016;3.6;5.4;6.8;13.7;138.2;0.4;1.38;64.6
12;12/01/2016;4.3;5.2;6.7;3.1;267.1;0.5;2.67;69.8
13;13/01/2016;1.3;4.3;5.6;4.8;238.3;0.6;2.38;74.1
14;14/01/2016;1;2.3;3.6;6.1;148;0.4;1.48;76.4
15;15/01/2016;0.6;0.8;1.3;1.5;162.4;0.2;1.62;77.2
16;16/01/2016;-0.9;0.8;2.8;8;455.8;0.1;4.56;78
17;17/01/2016;-5.8;-1.6;0.9;0.2;512.3;0.2;5.12;76.4
18;18/01/2016;-8.8;-5.6;-0.2;0;421.6;0.3;4.22;70.8
19;19/01/2016;-8.9;-5.9;0.3;0;634.3;0.1;6.34;64.9
20;20/01/2016;-6.2;-1.8;0.9;0;231.5;0.1;2.32;63.1
21;21/01/2016;-1.7;0.5;3.6;2.3;626;0;6.26;63.6
22;22/01/2016;-3.7;-0.2;2.6;5.1;457.6;0.3;4.58;63.4
23;23/01/2016;2.8;4.5;5.7;0.1;279.7;0;2.8;67.9
24;24/01/2016;3.5;5.6;7.3;0.3;185.4;0.3;1.85;73.5
25;25/01/2016;6.6;9.7;14.4;0;664.9;0.3;6.65;83.2
26;26/01/2016;8.3;9.2;10;0.1;253.1;0.8;2.53;92.4
27;27/01/2016;8.5;9.6;10.6;2.6;218.2;1.1;2.18;102
28;28/01/2016;2.8;6.4;9.3;3;459.7;0.7;4.6;108.4
29;29/01/2016;2.3;5.5;8.1;0;251.3;0.8;2.51;113.9
30;30/01/2016;3;6.3;8.2;16.2;82.4;0.6;0.82;120.2
31;31/01/2016;3.9;6.7;11.5;1.5;213.5;0.5;2.14;126.9
32;01/02/2016;10;10.8;11.5;0.6;189.7;0.8;1.9;137.7
33;02/02/2016;6.1;9.1;11.2;8.9;139.3;0.8;1.39;146.8
34;03/02/2016;3.8;4.6;5.8;1;413.3;0.9;4.13;151.4
35;04/02/2016;2.2;4.6;8;4.5;143.3;0.4;1.43;156
36;05/02/2016;4.8;8.2;9.8;0;158.8;0.3;1.59;164.2
37;06/02/2016;7.2;9.1;10.7;0;431.6;1;4.32;173.3
38;07/02/2016;5.8;8;10.5;2.3;504.4;1.4;5.04;181.3
39;08/02/2016;6.6;7.7;9.3;14.1;478.8;1.7;4.79;189
40;09/02/2016;2.6;5.7;10.5;21;217.4;0.9;2.17;194.7
41;10/02/2016;2.1;3.5;4.8;3.2;230;0.6;2.3;198.2
42;11/02/2016;2.5;3.8;5.7;0.4;414.4;0.4;4.14;202
43;12/02/2016;-0.6;2.4;4.6;0;574.6;0.6;5.75;204.4
44;13/02/2016;-1.3;1.8;3.8;2.3;317.5;0.4;3.18;206.2
45;14/02/2016;0.7;2.1;3.7;2.3;130.3;0.2;1.3;208.3
46;15/02/2016;-1.1;0.9;3.6;1.4;555.5;0.6;5.56;209.2
47;16/02/2016;-3.6;-0.8;3.4;0;1101.6;0.5;11.02;208.4
48;17/02/2016;-5.3;-0.3;4.9;0;841.3;0.4;8.41;208.1
49;18/02/2016;-0.2;1.7;4.1;0;802.1;0.6;8.02;209.8
50;19/02/2016;0.5;2.8;6.7;0.7;886.3;0.6;8.86;212.6
51;20/02/2016;3.7;7.3;10.9;10.6;214.9;0.4;2.15;219.9
52;21/02/2016;10;10.6;11.4;1.9;220.3;0.5;2.2;230.5
53;22/02/2016;2.9;8;10.2;10.2;217.8;0.8;2.18;238.5
54;23/02/2016;0.9;2.6;6.1;7.2;540.4;0.7;5.4;241.1
55;24/02/2016;-0.3;2.2;5.8;0.1;940;0.6;9.4;243.3
56;25/02/2016;-2.3;0.4;3.8;0;879.1;0.5;8.79;243.7
57;26/02/2016;0.1;1.3;2.9;0.5;292;0.3;2.92;245
58;27/02/2016;0.2;2.6;6.5;0;1253.2;1.2;12.53;247.6
59;28/02/2016;-1.8;1.3;4.5;0;929.5;1.3;9.3;248.9
60;29/02/2016;-1.4;1.6;5.6;0;1313.6;1.3;13.14;250.5
61;01/03/2016;-3.4;0.8;4.8;1.5;539.6;0.7;5.4;251.3
62;02/03/2016;1.8;5.6;8.2;2.9;742;1.1;7.42;256.9
63;03/03/2016;1;2.5;5.4;5.4;486.4;0.7;4.86;259.4
64;04/03/2016;1.1;2.8;4.7;4.5;323.3;0.5;3.23;262.2
65;05/03/2016;0.2;1.7;4;1.1;323.6;0.4;3.24;263.9
66;06/03/2016;0.5;2.2;4.3;3.7;483.8;0.4;4.84;266.1
67;07/03/2016;-1.2;1.1;3.2;2.7;433.8;0.5;4.34;267.2
68;08/03/2016;-1.6;0.9;4;0.1;592.2;0.5;5.92;268.1
69;09/03/2016;0.6;3.5;8.2;0;1024.6;1.1;10.25;271.6
70;10/03/2016;-0.2;4.5;10.4;0;1512.4;1.2;15.12;276.1
71;11/03/2016;0.1;4.7;9.6;0;1301.8;1.2;13.02;280.8
72;12/03/2016;-0.6;3.9;9.3;0;1570;1.2;15.7;284.7
73;13/03/2016;-1.2;3.7;9.6;0;1627.9;1.4;16.28;288.4
74;14/03/2016;-1.5;3.4;8.9;0;1543.3;1.5;15.43;291.8
75;15/03/2016;-0.3;4;8.4;0;1015.6;1.2;10.16;295.8
76;16/03/2016;0.8;4;7.6;0;1321.9;1.6;13.22;299.8
77;17/03/2016;-1.2;4.8;10.9;0;1750.3;1.6;17.5;304.6
78;18/03/2016;-1.2;1.6;3.7;0;545.4;0.6;5.45;306.2
79;19/03/2016;3.1;4.3;5.4;0.1;303.1;0.6;3.03;310.5
80;20/03/2016;3.4;5.1;7.7;0.1;524.2;0.9;5.24;315.6
81;21/03/2016;4.5;6.3;8.6;1.2;627.5;0.9;6.28;321.9
82;22/03/2016;3;7;10.8;0;1041.5;1.2;10.42;328.9
83;23/03/2016;5;7;9.2;0.9;666.4;1.1;6.66;335.9
84;24/03/2016;5.7;7.2;8.9;0.1;533.9;1.1;5.34;343.1
85;25/03/2016;5;6.7;9.5;6.2;456.5;0.9;4.57;349.8
86;26/03/2016;1.8;8.7;14.5;0;1446.1;1.7;14.46;358.5
87;27/03/2016;5.8;9.3;12.4;3.2;1393.6;2;13.94;367.8
88;28/03/2016;5.4;8.2;10.4;9.4;749.2;1.6;7.49;376
89;29/03/2016;4.6;8.2;11.8;1.7;1324.8;2.2;13.25;384.2
90;30/03/2016;6.3;8.7;11.2;2.8;1077.8;1.6;10.78;392.9
91;31/03/2016;4.5;5.5;6.3;10.9;345.2;0.7;3.45;398.4
92;01/04/2016;3.5;7.3;10.9;0.1;1147.3;1.4;11.47;405.7
93;02/04/2016;6.6;11.2;16.9;0;1128.6;1.4;11.29;416.9
94;03/04/2016;12.7;15.3;19.8;0.4;1446.5;2.1;14.47;432.2
95;04/04/2016;10.8;13;16.3;0.7;1289.5;2.4;12.9;445.2
96;05/04/2016;8.3;10.7;13.8;3.7;813.2;1.5;8.13;455.9
97;06/04/2016;6.8;9.3;13.5;1.2;1557.4;2.3;15.57;465.2
98;07/04/2016;4.6;7;9.8;1;1766.5;2.1;17.67;472.2
99;08/04/2016;4.9;7.6;10.9;0.2;1145.2;1.6;11.45;479.8
100;09/04/2016;2.7;9.1;14.5;0;1948.3;2.3;19.48;488.9
101;10/04/2016;6.1;11.4;17.8;0.1;1669.7;2.3;16.7;500.3
102;11/04/2016;10.6;14.8;20.2;0;1765.8;3.1;17.66;515.1
103;12/04/2016;6.8;10.8;16.8;4.8;1484.6;2.3;14.85;525.9
104;13/04/2016;4.1;8;11;0.2;578.9;1.1;5.79;533.9
105;14/04/2016;3.4;10.3;16.1;2.3;1840.7;2.1;18.41;544.2
106;15/04/2016;9;11.4;15.6;2.8;1651.7;2.4;16.52;555.6
107;16/04/2016;6.3;9.4;11.7;1.1;1163.9;1.8;11.64;565
108;17/04/2016;3.7;6.2;10;0.1;1738.4;2;17.38;571.2
109;18/04/2016;0.9;7.2;12.7;0.1;2364.8;2.6;23.65;578.4
110;19/04/2016;5.3;8.9;12.9;0;1256.4;2.1;12.56;587.3
111;20/04/2016;3.5;9.9;15.8;0;2582.6;3.5;25.83;597.2
112;21/04/2016;4.1;13.5;21.5;0;2298.6;3.8;22.99;610.7
113;22/04/2016;8.6;11.4;14.1;0;1265.8;2.9;12.66;622.1
114;23/04/2016;2.2;6.2;8.3;2.9;1152;1.9;11.52;628.3
115;24/04/2016;1.5;3;5.2;5.1;1510.6;1.4;15.11;631.3
116;25/04/2016;1.1;3.8;6.6;9.8;752.4;0.8;7.52;635.1
117;26/04/2016;1;2.7;5;1.6;1234.4;1.1;12.34;637.8
118;27/04/2016;1.2;3.2;6.6;5;967;1;9.67;641
119;28/04/2016;0.4;4.5;8.4;1;1873.8;1.7;18.74;645.5
120;29/04/2016;2.9;7;11.3;4;1185.1;1.7;11.85;652.5
121;30/04/2016;4.7;6.4;8.5;6.5;946.8;1.2;9.47;658.9
122;01/05/2016;4;8.4;13.6;0;2281.3;2.7;22.81;667.3
123;02/05/2016;3.5;11.6;18.2;0;2444.4;3.1;24.44;678.9
124;03/05/2016;6.8;10.8;13.4;2.6;2131.9;3.3;21.32;689.7
125;04/05/2016;3.4;10.4;16.1;0;2781;3.7;27.81;700.1
126;05/05/2016;6;14.2;21.6;0;2827.1;4.2;28.27;714.3
127;06/05/2016;10;18.4;25.5;0;2719.1;4.5;27.19;732.7
128;07/05/2016;12.9;20.3;26.6;0;2570.4;4.6;25.7;753
129;08/05/2016;15.9;21.7;26.8;0;2794.3;5.6;27.94;774.7
130;09/05/2016;16;20.9;25.8;0;2467.4;5;24.67;795.6
131;10/05/2016;15.2;17.4;21.4;6;1330.6;2.7;13.31;813
132;11/05/2016;13.3;19.5;24.8;0;2383.9;4.1;23.84;832.5
133;12/05/2016;13.2;17.1;20.5;0;1414.1;2.9;14.14;849.6
134;13/05/2016;11.6;17.4;22.7;0;2570.4;4.5;25.7;867
135;14/05/2016;5.6;9;12.1;0;1578.6;3.2;15.79;876
136;15/05/2016;4.8;7.9;10.7;0.1;1267.9;2.1;12.68;883.9
137;16/05/2016;7.3;9.7;12.6;0;1654.9;2.5;16.55;893.6
138;17/05/2016;5.8;12.3;16.7;0;1811.2;3.1;18.11;905.9
139;18/05/2016;11;14;17.7;3.2;1500.8;2.7;15.01;919.9
140;19/05/2016;7.4;12.9;17.8;0.1;2316.2;3.5;23.16;932.8
141;20/05/2016;9.2;13.7;16.4;0;1243.1;2.3;12.43;946.5
142;21/05/2016;13.5;18.6;24.1;0;2305.8;3.9;23.06;965.1
143;22/05/2016;13.8;16.8;19;4.7;897.1;2.2;8.97;981.9
144;23/05/2016;10;11.2;13.4;2.3;564.8;1.5;5.65;993.1
145;24/05/2016;9.1;11;13.8;0;1171.1;2;11.71;1004.1
146;25/05/2016;8.2;12;15.8;0;1486.1;2.2;14.86;1016.1
147;26/05/2016;8.7;16.4;22.4;0;2571.5;3.8;25.72;1032.5
148;27/05/2016;13.8;17.8;23.2;5.1;1782;3.1;17.82;1050.3
149;28/05/2016;13;17;22.4;0.1;2209.7;3.5;22.1;1067.3
150;29/05/2016;12.8;15.7;18.2;5.7;803.2;1.5;8.03;1083
151;30/05/2016;14.5;15.1;15.7;16.4;226.8;0.6;2.27;1098.1
152;31/05/2016;13.6;15.7;18.5;0.2;1258.6;2.1;12.59;1113.8
153;01/06/2016;14;15.3;16.7;9.8;497.5;1;4.98;1129.1
154;02/06/2016;14;16.9;21.1;19.1;1260.7;1.7;12.61;1146
155;03/06/2016;12.6;15.2;18;3.8;1012;1.6;10.12;1161.2
156;04/06/2016;13.1;15.2;17.5;2;929.2;1.4;9.29;1176.4
157;05/06/2016;15.4;17.7;21.1;1.6;1300;2;13;1194.1
158;06/06/2016;13.2;19.6;24.2;0.9;2009.5;3.4;20.1;1213.7
159;07/06/2016;16.2;19.6;26.7;23.8;2101;3.6;21.01;1233.3
160;08/06/2016;15.4;18.4;22.7;2.9;1790.3;3.3;17.9;1251.7
161;09/06/2016;12.3;16.1;20.6;0;2742.1;4.5;27.42;1267.8
162;10/06/2016;10.1;17.2;22.7;0;2909.5;4.7;29.1;1285
163;11/06/2016;14.7;17.7;20.5;0;1593.4;3.1;15.93;1302.7
164;12/06/2016;14;16.3;19.8;9;1284.8;2.3;12.85;1319
165;13/06/2016;13.8;15.6;18.2;2.4;1311.1;2.1;13.11;1334.6
166;14/06/2016;12.8;15.1;18.2;2.2;1765.1;2.7;17.65;1349.7
167;15/06/2016;11.2;13.8;16.4;6.4;2002;2.8;20.02;1363.5
168;16/06/2016;9.9;13.6;18;13.5;1379.2;2.1;13.79;1377.1
169;17/06/2016;12.5;14.2;17.6;9.4;1324.4;1.9;13.24;1391.3
170;18/06/2016;12.2;13.9;16.9;3.8;1334.5;1.9;13.35;1405.2
171;19/06/2016;11.1;13.9;18;0.2;2102;3.2;21.02;1419.1
172;20/06/2016;11;15;18;4;1141.6;2.1;11.42;1434.1
173;21/06/2016;15.3;17.6;19.9;0.9;1069.2;1.8;10.69;1451.7
174;22/06/2016;16.6;21.2;26.8;0;1667.2;2.9;16.67;1472.9
175;23/06/2016;18.8;25.3;31.8;0;2950.2;5.6;29.5;1498.2
176;24/06/2016;17.4;20.2;23.2;0.1;1220;2.9;12.2;1518.4
177;25/06/2016;13.2;15.8;17.9;2.6;922.7;2.2;9.23;1534.2
178;26/06/2016;10.8;14.2;19.1;3.5;2097.7;3.1;20.98;1548.4
179;27/06/2016;11.5;15;17.9;1.8;924.1;1.6;9.24;1563.4
180;28/06/2016;13.3;16.9;20.2;1.2;2121.8;3.4;21.22;1580.3
181;29/06/2016;13.7;17;20.2;0.4;2052.4;4;20.52;1597.3
182;30/06/2016;14.2;16.9;19.4;5.3;1084;2.1;10.84;1614.2
183;01/07/2016;16.8;17.9;19.7;1.6;1199.5;2.1;12;1632.1
184;02/07/2016;12.3;14.6;18;4.1;2047;3.6;20.47;1646.7
185;03/07/2016;11.7;15.2;18.8;0;2317.7;3.8;23.18;1661.9
186;04/07/2016;14;17.6;21.8;0.1;1605.6;2.7;16.06;1679.5
187;05/07/2016;14.3;17.2;19.8;0.8;1392.8;2.9;13.93;1696.7
188;06/07/2016;11.6;16.6;21.2;0;2438.6;4.2;24.39;1713.3
189;07/07/2016;11.4;18.7;25;0;2486.2;4.1;24.86;1732
190;08/07/2016;16.2;20.6;24.3;0;2010.6;4.3;20.11;1752.6
191;09/07/2016;16.6;20.4;25.1;0;2433.6;4.6;24.34;1773
192;10/07/2016;17.5;23.9;29.5;0;2722;5.7;27.22;1796.9
193;11/07/2016;16.9;19.3;22.8;0;1834.9;4.4;18.35;1816.2
194;12/07/2016;14.1;16.9;19.7;3.2;1550.2;3.1;15.5;1833.1
195;13/07/2016;11.2;13.6;16.9;6.4;1284.1;2.2;12.84;1846.7
196;14/07/2016;10.2;13.4;17.1;3.5;1530;2.4;15.3;1860.1
197;15/07/2016;9.4;15.7;21.6;0;1766.2;3;17.66;1875.8
198;16/07/2016;14.2;18.2;23.1;0;1390.7;2.5;13.91;1894
199;17/07/2016;17.2;21;24.4;0;1748.5;3.3;17.49;1915
200;18/07/2016;16.9;23;28.6;0;2324.2;4.4;23.24;1938
201;19/07/2016;17.7;25.8;32.6;0;2922.1;5.6;29.22;1963.8
202;20/07/2016;18.8;26.2;33.8;0;2485.4;5.7;24.85;1990
203;21/07/2016;20;23.9;27.7;0;2179.1;5;21.79;2013.9
204;22/07/2016;18.2;21.9;26.6;18.8;1874.5;3.8;18.75;2035.8
205;23/07/2016;17.7;19.2;21.3;8.9;667.4;1.5;6.67;2055
206;24/07/2016;17.5;21.4;25.9;0;1997.6;3.6;19.98;2076.4
207;25/07/2016;16.6;20.3;23.2;0;1436.4;2.9;14.36;2096.7
208;26/07/2016;15.4;19;23.1;0;1605.2;3.1;16.05;2115.7
209;27/07/2016;13.4;17.8;21.1;0;1869.1;3.4;18.69;2133.5
210;28/07/2016;16.6;19;22.9;10.5;1501.2;2.9;15.01;2152.5
211;29/07/2016;15.5;18.8;22.8;3.3;1520.3;2.8;15.2;2171.3
212;30/07/2016;15.2;18.4;20.8;0;1684.8;3.3;16.85;2189.7
213;31/07/2016;13.4;17.2;20.3;0;1566.4;3;15.66;2206.9
214;01/08/2016;10.7;16.7;20.9;0.1;2037.6;3.5;20.38;2223.6
215;02/08/2016;14.1;15.8;17.3;20.1;487.8;1;4.88;2239.4
216;03/08/2016;17;18.1;19.3;12.5;594.7;0.9;5.95;2257.5
217;04/08/2016;15;16.7;18.6;1.6;1181.2;2.2;11.81;2274.2
218;05/08/2016;13;16.5;20.7;0.3;1515.6;2.5;15.16;2290.7
219;06/08/2016;12.7;17.5;22.2;0.1;2427.8;3.7;24.28;2308.2
220;07/08/2016;12.8;19.6;24.7;0;2344.3;3.9;23.44;2327.8
221;08/08/2016;14.1;17.2;19.9;0;1114.6;2.7;11.15;2345
222;09/08/2016;10.7;14.6;18.4;0;1855.1;3.2;18.55;2359.6
223;10/08/2016;9.5;12.4;15.9;0;1507.7;2.5;15.08;2372
224;11/08/2016;8;12.1;14.8;5;934.9;1.5;9.35;2384.1
225;12/08/2016;14;18.3;22.6;0;1420.9;2.1;14.21;2402.4
226;13/08/2016;14.8;19.8;25.5;0;2513.5;4.2;25.14;2422.2
227;14/08/2016;13.7;18.6;23.9;0;1983.2;3.4;19.83;2440.8
228;15/08/2016;12.6;17.7;22.8;0;2467.8;3.9;24.68;2458.5
229;16/08/2016;11.4;18.3;24.9;0;2436.1;3.9;24.36;2476.8
230;17/08/2016;12.4;20;27.4;0;2480.8;4.1;24.81;2496.8
231;18/08/2016;16.9;20.3;24.5;0;1419.5;2.9;14.2;2517.1
232;19/08/2016;15.3;19.2;23.6;0.6;1204.2;2.5;12.04;2536.3
233;20/08/2016;15.2;18.2;22.5;0;1930.3;3.7;19.3;2554.5
234;21/08/2016;13.2;15.2;17.4;5.4;986.4;2;9.86;2569.7
235;22/08/2016;12.9;17.9;23.9;1.5;1578.6;2.7;15.79;2587.6
236;23/08/2016;15.5;22.6;30.6;0;2394;3.8;23.94;2610.2
237;24/08/2016;16.4;25.4;34.6;0;2430.4;4.3;24.3;2635.6
238;25/08/2016;18.3;25.9;33.7;0;2380;4.6;23.8;2661.5
239;26/08/2016;21.6;26.2;32.1;0;2169;4.4;21.69;2687.7
240;27/08/2016;18.6;26.3;34.9;0;2185.2;4.6;21.85;2714
241;28/08/2016;17.5;23;26.1;0;2019.2;4.6;20.19;2737
242;29/08/2016;15.3;17.6;20.1;2.5;778.7;2.1;7.79;2754.6
243;30/08/2016;12.9;17.8;23.4;0.1;2169;3.3;21.69;2772.4
244;31/08/2016;13.8;19.6;25.3;0;2072.9;3.3;20.73;2792
245;01/09/2016;13.5;18;23;0;1835.6;3;18.36;2810
246;02/09/2016;13.3;18.8;24;0;1778.8;3;17.79;2828.8
247;03/09/2016;13.7;19;24.4;0;1837.4;3.2;18.37;2847.8
248;04/09/2016;15.6;17.7;19.4;2.7;898.2;2.2;8.98;2865.5
249;05/09/2016;15.2;17.9;22.2;0;1464.5;2.5;14.65;2883.4
250;06/09/2016;14.3;20.2;27.2;0;2129.4;3.2;21.29;2903.6
251;07/09/2016;13.8;20.6;27.1;0;2119.3;3.7;21.19;2924.2
252;08/09/2016;15.3;20.6;27.4;0;2017.1;3.8;20.17;2944.8
253;09/09/2016;11;17.3;24.6;0;1964.9;3.2;19.65;2962.1
254;10/09/2016;11.2;18.6;25.8;0;1992.6;3;19.93;2980.7
255;11/09/2016;15.6;20.1;24.4;0;1141.2;2.2;11.41;3000.8
256;12/09/2016;15.8;23.1;30.8;0;1916.6;3.1;19.17;3023.9
257;13/09/2016;19.5;25.6;32.8;0;1826.6;3.4;18.27;3049.5
258;14/09/2016;20.2;25.4;31.7;0;1781.3;3.7;17.81;3074.9
259;15/09/2016;15.1;20.6;25.7;0.6;1235.2;3.3;12.35;3095.5
260;16/09/2016;13.7;16.9;21.1;0.2;1467.4;2.6;14.67;3112.4
261;17/09/2016;14.1;17.1;21.1;0.1;1114.2;1.9;11.14;3129.5
262;18/09/2016;13.5;15.8;17.2;2.4;426.2;1.1;4.26;3145.3
263;19/09/2016;12.2;15.2;18.9;0;1273.3;2.1;12.73;3160.5
264;20/09/2016;11.4;14.5;17.4;0;738.4;1.5;7.38;3175
265;21/09/2016;13.2;16.1;20.6;0;1047.6;1.6;10.48;3191.1
266;22/09/2016;9.8;15.3;20.5;0;1329.5;2.1;13.3;3206.4
267;23/09/2016;11.2;15.7;21.3;0;1366.6;1.9;13.67;3222.1
268;24/09/2016;12.4;17.6;24.4;0;1690.6;2.4;16.91;3239.7
269;25/09/2016;12.9;17.5;24.5;0;1512.4;2.8;15.12;3257.2
270;26/09/2016;8.6;13.3;18;0;1208.2;1.9;12.08;3270.5
271;27/09/2016;8;14.7;22.1;0;1620.7;2;16.21;3285.2
272;28/09/2016;12.9;16.9;21.7;0;1081.4;2.4;10.81;3302.1
273;29/09/2016;13.5;17;20.9;0.9;1201.7;2.3;12.02;3319.1
274;30/09/2016;12.8;14.4;17.2;0;803.2;1.7;8.03;3333.5
275;01/10/2016;11.1;13.6;17.9;3.3;984.2;1.4;9.84;3347.1
276;02/10/2016;9.4;11;12.7;4.7;533.9;1;5.34;3358.1
277;03/10/2016;8.3;11.9;16.3;2.7;696.2;1;6.96;3370
278;04/10/2016;8.4;11.8;15.1;0;753.5;1.2;7.54;3381.8
279;05/10/2016;5.8;9.5;14.4;0;1469.9;2.1;14.7;3391.3
280;06/10/2016;2.8;7.2;10.3;0;873.4;1.1;8.73;3398.5
281;07/10/2016;9.3;10.4;12.2;0;394.9;0.6;3.95;3408.9
282;08/10/2016;6.1;10;12.8;0.5;844.2;1.3;8.44;3418.9
283;09/10/2016;3.7;7.2;12.4;0;937.1;1.1;9.37;3426.1
284;10/10/2016;4.5;7.9;12.8;0.2;732.6;0.8;7.33;3434
285;11/10/2016;1;6.8;11.9;0.2;1218.2;0.9;12.18;3440.8
286;12/10/2016;6.4;7.9;9.8;1.5;395.3;0.4;3.95;3448.7
287;13/10/2016;3.5;8.4;13.9;0.1;1070.6;1.4;10.71;3457.1
288;14/10/2016;7.1;10.5;14.4;4.3;535.3;0.9;5.35;3467.6
289;15/10/2016;9.8;11.2;14;3.4;760.3;0.9;7.6;3478.8
290;16/10/2016;9.9;14.2;20.4;0;1195.9;1.1;11.96;3493
291;17/10/2016;9.8;12.5;15.2;0;483.8;1;4.84;3505.5
292;18/10/2016;7.9;10.1;13.1;2.4;499.3;0.9;4.99;3515.6
293;19/10/2016;7.1;8.2;9.7;7.7;272.9;0.5;2.73;3523.8
294;20/10/2016;6.9;8.9;11.4;3.6;259.9;0.5;2.6;3532.7
295;21/10/2016;5.6;6.6;8.3;0;572;0.6;5.72;3539.3
296;22/10/2016;4.9;7.5;9.9;0;389.9;0.4;3.9;3546.8
297;23/10/2016;4.4;7.5;11.8;0;859.7;0.6;8.6;3554.3
298;24/10/2016;7.5;10.5;13.1;0.5;227.5;0.3;2.28;3564.8
299;25/10/2016;6.5;9.2;10.9;0.1;257.8;0.5;2.58;3574
300;26/10/2016;2.2;7;12.5;0;849.6;0.5;8.5;3581
301;27/10/2016;6.1;10;13.4;0.1;468;0.3;4.68;3591
302;28/10/2016;10.7;11.6;13.1;0;313.9;0.5;3.14;3602.6
303;29/10/2016;8;11.6;14.4;0;440.6;0.4;4.41;3614.2
304;30/10/2016;6.3;10.8;17.6;0.1;908.6;0.7;9.09;3625
305;31/10/2016;7.5;11.4;17.3;0;877.3;0.6;8.77;3636.4
306;01/11/2016;6;9.5;13.9;0.2;760.3;0.6;7.6;3645.9
307;02/11/2016;5.1;6.4;8.3;0.2;549.7;0.7;5.5;3652.3
308;03/11/2016;3;5.3;8.4;0;502.9;0.4;5.03;3657.6
309;04/11/2016;2.4;4.8;7.6;0.5;340.9;0.5;3.41;3662.4
310;05/11/2016;4.7;5.8;7.4;1.6;354.6;0.5;3.55;3668.2
311;06/11/2016;3.1;3.9;5;0;290.5;0.6;2.91;3672.1
312;07/11/2016;1.7;3;4.3;2.8;243;0.5;2.43;3675.1
313;08/11/2016;0.2;2;3.8;1;591.8;0.4;5.92;3677.1
314;09/11/2016;0.7;2.4;3.5;12.3;188.3;0.3;1.88;3679.5
315;10/11/2016;2.6;5.3;7.2;2.8;408.2;0.3;4.08;3684.8
316;11/11/2016;0.8;2.2;4.8;3.5;68.8;0.5;0.69;3687
317;12/11/2016;0.3;2.3;4.6;0;329.4;0.4;3.29;3689.3
318;13/11/2016;2.2;3.1;4;2;171;0.3;1.71;3692.4
319;14/11/2016;0.3;1.7;3.1;1.2;255.2;0.3;2.55;3694.1
320;15/11/2016;2.5;5.4;8.8;4.9;129.6;0;1.3;3699.5
321;16/11/2016;8.7;9.7;10.7;6.6;115.6;0.1;1.16;3709.2
322;17/11/2016;7.9;9.2;10.4;4.3;200.9;0.8;2.01;3718.4
323;18/11/2016;3.9;6.7;10.1;11.6;325.8;1.1;3.26;3725.1
324;19/11/2016;3.4;4.3;5.1;0;261;0.8;2.61;3729.4
325;20/11/2016;3.7;8.1;11.3;2.7;297.7;0.7;2.98;3737.5
326;21/11/2016;9.1;10.7;11.9;5;237.6;0.4;2.38;3748.2
327;22/11/2016;8.2;9.1;10.8;0;374.8;0.7;3.75;3757.3
328;23/11/2016;7.7;10.7;17;0.1;363.6;0.3;3.64;3768
329;24/11/2016;5.2;8.2;10.8;0;454;0.5;4.54;3776.2
330;25/11/2016;3.8;5.8;8.2;0;533.2;0.5;5.33;3782
331;26/11/2016;4.6;5.9;6.7;0;108.7;0.5;1.09;3787.9
332;27/11/2016;1.8;3.6;5.2;0.1;205.2;0.3;2.05;3791.5
333;28/11/2016;-2.3;0.4;3.3;0.1;513.4;0.4;5.13;3791.9
334;29/11/2016;-3.3;-1.1;3.1;0;535.3;0.6;5.35;3790.8
335;30/11/2016;-4.2;-1;3.4;0;531.7;0.5;5.32;3789.8
336;01/12/2016;-1.6;0.9;3.2;0;91.4;0.3;0.91;3790.7
337;02/12/2016;3.2;4.8;6.3;0.6;123.5;0;1.24;3795.5
338;03/12/2016;-1.9;0.5;3.4;0.1;488.9;0.3;4.89;3796
339;04/12/2016;-1.4;1.5;6.7;0;520.6;0.8;5.21;3797.5
340;05/12/2016;-1.1;2.1;7.5;0;484.6;0.2;4.85;3799.6
341;06/12/2016;-0.5;3.2;9.7;0.1;408.2;0.1;4.08;3802.8
342;07/12/2016;2.1;4.8;7.7;0;315.7;0.5;3.16;3807.6
343;08/12/2016;1.6;4.1;6;0;351.4;0.6;3.51;3811.7
344;09/12/2016;5;7.3;10.8;0;284.4;0.6;2.84;3819
345;10/12/2016;4.1;6;8.3;0;406.8;0.4;4.07;3825
346;11/12/2016;5.3;6.2;8;1.4;196.9;0.4;1.97;3831.2
347;12/12/2016;3;4.9;6.1;0;209.2;0.3;2.09;3836.1
348;13/12/2016;3.6;4.6;5.7;2;95.4;0.4;0.95;3840.7
349;14/12/2016;3.4;6.2;11.1;0;423;0;4.23;3846.9
350;15/12/2016;1.1;4.2;7.3;0.1;335.9;0.2;3.36;3851.1
351;16/12/2016;3.5;5.1;7;0;389.2;0.1;3.89;3856.2
352;17/12/2016;0.6;3.4;4.9;0;132.5;0.3;1.33;3859.6
353;18/12/2016;3.5;4.3;5.1;0.1;72.4;0.2;0.72;3863.9
354;19/12/2016;0.5;3.1;4.7;0.1;274;0.3;2.74;3867
355;20/12/2016;-2.2;0;4.7;0;380.2;0.3;3.8;3867
356;21/12/2016;-1.9;1.2;3.2;0.6;414.4;0.2;4.14;3868.2
357;22/12/2016;2.8;3.6;4.1;8.5;95.4;0.1;0.95;3871.8
358;23/12/2016;1.6;3.3;4.7;0;349.9;0.2;3.5;3875.1
359;24/12/2016;4.2;5.8;6.6;1.5;249.5;0.5;2.5;3880.9
360;25/12/2016;6.1;6.7;7.7;0.1;67.3;0.4;0.67;3887.6
361;26/12/2016;1.4;5.9;8.9;2.4;227.2;0.5;2.27;3893.5
362;27/12/2016;-0.6;2;4.8;0;337;0.3;3.37;3895.5
363;28/12/2016;-2.7;-0.9;0.3;0.1;193;0.2;1.93;3894.6
364;29/12/2016;-3;-0.4;4.6;0.2;454.7;-0.1;4.55;3894.2
365;30/12/2016;-1.6;0.4;4.8;0.1;481;0.1;4.81;3894.6
366;31/12/2016;-3.7;-1.2;3.6;0.1;486.4;0.2;4.86;3893.4
